{"cameraMode":{"drawMode":0,"name":"Shaded","section":"Shading Mode"},"sceneLighting":false,"audioPlay":false,"sceneViewState":{"m_AlwaysRefresh":false,"showFog":true,"showSkybox":false,"showFlares":true,"showImageEffects":true,"showParticleSystems":true,"showVisualEffectGraphs":true,"m_FxEnabled":true},"in2DMode":false,"pivot":{"x":-0.04277515411376953,"y":1.5367012023925782,"z":0.13901996612548829},"rotation":{"x":0.1140599176287651,"y":0.8666578531265259,"z":-0.23147302865982057,"w":0.42700690031051638},"size":15.888504981994629,"orthographic":false}