{"cameraMode":{"drawMode":0,"name":"Shaded","section":"Shading Mode"},"sceneLighting":false,"audioPlay":false,"sceneViewState":{"m_AlwaysRefresh":false,"showFog":true,"showSkybox":false,"showFlares":true,"showImageEffects":true,"showParticleSystems":true,"showVisualEffectGraphs":true,"m_FxEnabled":true},"in2DMode":false,"pivot":{"x":1.0960710048675538,"y":1.9119287729263306,"z":-1.9443540573120118},"rotation":{"x":-0.002814926439896226,"y":-0.3452466130256653,"z":-0.001037486712448299,"w":0.9385170936584473},"size":2.3813469409942629,"orthographic":false}