{"cameraMode":{"drawMode":0,"name":"Shaded","section":"Shading Mode"},"sceneLighting":false,"audioPlay":false,"sceneViewState":{"m_AlwaysRefresh":false,"showFog":true,"showSkybox":false,"showFlares":true,"showImageEffects":true,"showParticleSystems":true,"showVisualEffectGraphs":true,"m_FxEnabled":true},"in2DMode":false,"pivot":{"x":0.06050613522529602,"y":-0.5040537714958191,"z":0.5622802376747131},"rotation":{"x":0.3479413688182831,"y":0.18663914501667024,"z":-0.07090979814529419,"w":0.916048526763916},"size":0.8611336350440979,"orthographic":false}