{"cameraMode":{"drawMode":0,"name":"Shaded","section":"Shading Mode"},"sceneLighting":false,"audioPlay":false,"sceneViewState":{"m_AlwaysRefresh":false,"showFog":true,"showSkybox":false,"showFlares":true,"showImageEffects":true,"showParticleSystems":true,"showVisualEffectGraphs":true,"m_FxEnabled":true},"in2DMode":false,"pivot":{"x":-0.6399999856948853,"y":0.5499999523162842,"z":2.799999952316284},"rotation":{"x":0.050417713820934299,"y":0.9475318789482117,"z":-0.1886315941810608,"w":0.25338488817214968},"size":0.8660253882408142,"orthographic":false}