{"cameraMode":{"drawMode":0,"name":"Shaded","section":"Shading Mode"},"sceneLighting":false,"audioPlay":false,"sceneViewState":{"m_AlwaysRefresh":false,"showFog":true,"showSkybox":false,"showFlares":true,"showImageEffects":true,"showParticleSystems":true,"showVisualEffectGraphs":true,"m_FxEnabled":true},"in2DMode":false,"pivot":{"x":0.9384260177612305,"y":1.1415311098098755,"z":-0.21350336074829102},"rotation":{"x":0.018582725897431375,"y":-0.9566980600357056,"z":0.0626542940735817,"w":0.2837159037590027},"size":1.2455124855041505,"orthographic":false}