{"cameraMode":{"drawMode":0,"name":"Shaded","section":"Shading Mode"},"sceneLighting":false,"audioPlay":false,"sceneViewState":{"m_AlwaysRefresh":false,"showFog":true,"showSkybox":false,"showFlares":true,"showImageEffects":true,"showParticleSystems":true,"showVisualEffectGraphs":true,"m_FxEnabled":true},"in2DMode":false,"pivot":{"x":2.609999895095825,"y":3.4726881980895998,"z":-18.127826690673829},"rotation":{"x":-0.025176625698804857,"y":-0.9602189660072327,"z":0.26265156269073489,"w":-0.09218641370534897},"size":7.441860198974609,"orthographic":false}