{"cameraMode":{"drawMode":0,"name":"Shaded","section":"Shading Mode"},"sceneLighting":false,"audioPlay":false,"sceneViewState":{"m_AlwaysRefresh":false,"showFog":true,"showSkybox":false,"showFlares":true,"showImageEffects":true,"showParticleSystems":true,"showVisualEffectGraphs":true,"m_FxEnabled":true},"in2DMode":false,"pivot":{"x":2.609999895095825,"y":1.6399998664855958,"z":-19.649999618530275},"rotation":{"x":0.050417713820934299,"y":0.9475318789482117,"z":-0.1886315941810608,"w":0.25338488817214968},"size":2.6577460765838625,"orthographic":false}