{"cameraMode":{"drawMode":0,"name":"Shaded","section":"Shading Mode"},"sceneLighting":false,"audioPlay":false,"sceneViewState":{"m_AlwaysRefresh":false,"showFog":true,"showSkybox":false,"showFlares":true,"showImageEffects":true,"showParticleSystems":true,"showVisualEffectGraphs":true,"m_FxEnabled":true},"in2DMode":false,"pivot":{"x":6.728288650512695,"y":5.345319747924805,"z":-18.516502380371095},"rotation":{"x":-0.0045714955776929859,"y":0.995448648929596,"z":-0.06129555404186249,"w":-0.07418779283761978},"size":14.585786819458008,"orthographic":false}