{"cameraMode":{"drawMode":0,"name":"Shaded","section":"Shading Mode"},"sceneLighting":false,"audioPlay":false,"sceneViewState":{"m_AlwaysRefresh":false,"showFog":true,"showSkybox":false,"showFlares":true,"showImageEffects":true,"showParticleSystems":true,"showVisualEffectGraphs":true,"m_FxEnabled":true},"in2DMode":false,"pivot":{"x":-8.025808334350586,"y":6.781441688537598,"z":-19.016210556030275},"rotation":{"x":-0.0045714955776929859,"y":0.995448648929596,"z":-0.06129555404186249,"w":-0.07418779283761978},"size":15.740645408630371,"orthographic":false}