{"cameraMode":{"drawMode":0,"name":"Shaded","section":"Shading Mode"},"sceneLighting":false,"audioPlay":false,"sceneViewState":{"m_AlwaysRefresh":false,"showFog":true,"showSkybox":false,"showFlares":true,"showImageEffects":true,"showParticleSystems":true,"showVisualEffectGraphs":true,"m_FxEnabled":true},"in2DMode":false,"pivot":{"x":1.1287500858306885,"y":2.0800633430480959,"z":-1.9428895711898804},"rotation":{"x":0.2849162518978119,"y":-0.1345895677804947,"z":0.04043974354863167,"w":0.9482002854347229},"size":0.00265277037397027,"orthographic":false}